model,dataset,category,precision,recall,map50,map50_95,fitness,inference_ms,fps
yolo26n,D-Fire,all_classes,0.78312,0.74963,0.69371,0.40529,0.40529,3.778,170.87
yolo26n,D-Fire,Fire,0.71901,0.69527,0.62155,0.3307,,3.778,170.87
yolo26n,D-Fire,Smoke,0.84724,0.80398,0.76588,0.47988,,3.778,170.87
yolo26n-p2,D-Fire,all_classes,0.78666,0.73191,0.68597,0.39943,0.39943,5.789,132.6
yolo26n-p2,D-Fire,Fire,0.73735,0.66331,0.60828,0.32525,,5.789,132.6
yolo26n-p2,D-Fire,Smoke,0.83597,0.80052,0.76366,0.47361,,5.789,132.6
yolo26n,DFS,all_classes,0.44894,0.34526,0.25807,0.10602,0.10602,5.105,132.6
yolo26n,DFS,Fire,0.56864,0.4548,0.38737,0.16914,,5.105,132.6
yolo26n,DFS,Smoke,0.32923,0.23571,0.12876,0.0429,,5.105,132.6
yolo26n-p2,DFS,all_classes,0.41442,0.36972,0.25516,0.10623,0.10623,7.129,111.09
yolo26n-p2,DFS,Fire,0.5228,0.48588,0.38102,0.17003,,7.129,111.09
yolo26n-p2,DFS,Smoke,0.30603,0.25357,0.12931,0.04244,,7.129,111.09
yolo26n,indoor,all_classes,0.86006,0.83546,0.80924,0.51059,0.51059,5.702,125.79
yolo26n,indoor,Fire,0.87721,0.88478,0.85722,0.5387,,5.702,125.79
yolo26n,indoor,Smoke,0.8429,0.78614,0.76127,0.48247,,5.702,125.79
yolo26n-p2,indoor,all_classes,0.86165,0.81339,0.80137,0.50294,0.50294,8.674,90.2
yolo26n-p2,indoor,Fire,0.87731,0.84658,0.82905,0.52265,,8.674,90.2
yolo26n-p2,indoor,Smoke,0.84599,0.7802,0.77369,0.48322,,8.674,90.2
